{"acc": 0.8998764157295227, "prec0": 0.9185356497764587, "prec1": 0.6225489974021912, "rec0": 0.973095715045929, "rec1": 0.3395721912384033, "auroc": 0.847690743917159, "auprc": 0.4830230624406548, "minpse": 0.4787234042553192}