{"acc": 0.8877460956573486, "prec0": 0.9018480777740479, "prec1": 0.6808964610099792, "rec0": 0.9764455556869507, "rec1": 0.3210870623588562, "auroc": 0.8711970093301433, "auprc": 0.5690212947090911, "minpse": 0.539738430583501}