{"acc": 0.8792675137519836, "prec0": 0.898835301399231, "prec1": 0.6082949042320251, "rec0": 0.9694902896881104, "rec1": 0.302752286195755, "auroc": 0.8424099527783087, "auprc": 0.4926910001777761, "minpse": 0.5114678899082569}