{"acc": 0.8842722177505493, "prec0": 0.9090097546577454, "prec1": 0.6161290407180786, "rec0": 0.9625019431114197, "rec1": 0.3844992518424988, "auroc": 0.8646691917187573, "auprc": 0.5495428346933776, "minpse": 0.5289380976346251}